Workbook

Sheet How To Use
B3: 2027 Event Planning Template — drop events in, build the plan from there.
B5: How this works
B6: 1. Go to the "2027 Events" tab. Each row is one event.
B7: 2. Fill in columns A through K for every event you're planning or considering.
B8: 3. Five real rows are already seeded from overlandexpo.com (checked 2026-09-24) — Owner, Priority, Budget, Status, and Goal/KPI are left for you to fill in.
B9: 4. Category, Priority, and Status are dropdowns — click the cell and use the arrow.
B10: 5. The "Monthly Summary" tab updates automatically (it counts events per month by category) — no need to touch it.
B12: Column guide
B13: Event Name — what you'd call it on a calendar invite.
B14: Category — Trade Show, Product Launch, Content Shoot, Campaign Launch, Promotion/Sale, Ambassador/Partnership, Seasonal, Other.
B15: Start Date / End Date — use the same day for single-day events.
B16: Location — city/venue, or "Online" / "Studio" for shoots and digital-only campaigns.
... B22: Notes — anything else worth flagging (dependencies, deadlines, who to loop in).

Sheet 2027 Events
A1: JACKMAN WHEELS · 2027 EVENT PLANNING
A2: Drop in events across the year — trade shows, launches, shoots, campaigns, promos.
A4: Event Name | B4: Category | C4: Start Date | D4: End Date | E4: Location | F4: Owner | G4: Priority | H4: Status | I4: Budget | J4: Goal / KPI | K4: Notes | L4: Month #
A5: Rodes X Rigs - King Shocks Toy Drive | B5: Trade Show | C5: 46375 | D5: 46375 | E5: Garden Grove, CA | F5: Rodeo x Rigs | H5: Idea | K5: Massive Overland Market. King Shocks Toy Drive | L5: =IF(C5="","",MONTH(C5)) -> 12
A6: Overland Expo SoCal 2027 | B6: Trade Show | C6: 2027-03-13 | D6: 2027-03-14 | E6: Costa Mesa, CA | H6: Idea | K6: Smallest/newest OE regional show. Source: overlandexpo.com/socal/ (checked 2026-09-24). | L6: =IF(C6="","",MONTH(C6)) -> 3
A7: Overland Expo West 2027 | B7: Trade Show | C7: 2027-05-14 | D7: 2027-05-16 | E7: Flagstaff, AZ | H7: Idea | K7: Largest OE show — 28,500+ attendees in 2026. Booth space is first-come; exhibitor rates not yet published. Source: overlandexpo.com/west/exhibitor-registration-west/ (checked 2026-09-24). | L7: =IF(C7="","",MONTH(C7)) -> 5
A8: Overland Expo PNW 2027 | B8: Trade Show | C8: 2027-06-25 | D8: 2027-06-27 | E8: Redmond, OR | H8: Idea | K8: Source: overlandexpo.com/pacific-northwest/ (checked 2026-09-24). | L8: =IF(C8="","",MONTH(C8)) -> 6
L9: =IF(C9="","",MONTH(C9))
L10: =IF(C10="","",MONTH(C10))
L11: =IF(C11="","",MONTH(C11))
L12: =IF(C12="","",MONTH(C12))
L13: =IF(C13="","",MONTH(C13))
L14: =IF(C14="","",MONTH(C14))
L15: =IF(C15="","",MONTH(C15))
L16: =IF(C16="","",MONTH(C16))
L17: =IF(C17="","",MONTH(C17))
L18: =IF(C18="","",MONTH(C18))
L19: =IF(C19="","",MONTH(C19))
L20: =IF(C20="","",MONTH(C20))
... L63: =IF(C63="","",MONTH(C63))
A65: Khaki rows = seeded from overlandexpo.com — confirm before booking. Column L auto-calculates from Start Date and feeds the Monthly Summary tab; leave its formula as-is.

Sheet Monthly Summary
A1: JACKMAN WHEELS · MONTHLY SUMMARY
A3: Month | B3: # Events | C3: Budget Total
A4: January | B4: =COUNTIF('2027 Events'!$L$6:$L$63,1) -> 0 | C4: =SUMIFS('2027 Events'!$I$6:$I$63,'2027 Events'!$L$6:$L$63,1) -> 0
A5: February | B5: =COUNTIF('2027 Events'!$L$6:$L$63,2) -> 0 | C5: =SUMIFS('2027 Events'!$I$6:$I$63,'2027 Events'!$L$6:$L$63,2) -> 0
A6: March | B6: =COUNTIF('2027 Events'!$L$6:$L$63,3) -> 1 | C6: =SUMIFS('2027 Events'!$I$6:$I$63,'2027 Events'!$L$6:$L$63,3) -> 0
A7: April | B7: =COUNTIF('2027 Events'!$L$6:$L$63,4) -> 0 | C7: =SUMIFS('2027 Events'!$I$6:$I$63,'2027 Events'!$L$6:$L$63,4) -> 0
A8: May | B8: =COUNTIF('2027 Events'!$L$6:$L$63,5) -> 1 | C8: =SUMIFS('2027 Events'!$I$6:$I$63,'2027 Events'!$L$6:$L$63,5) -> 0
A9: June | B9: =COUNTIF('2027 Events'!$L$6:$L$63,6) -> 1 | C9: =SUMIFS('2027 Events'!$I$6:$I$63,'2027 Events'!$L$6:$L$63,6) -> 0
A10: July | B10: =COUNTIF('2027 Events'!$L$6:$L$63,7) -> 0 | C10: =SUMIFS('2027 Events'!$I$6:$I$63,'2027 Events'!$L$6:$L$63,7) -> 0
A11: August | B11: =COUNTIF('2027 Events'!$L$6:$L$63,8) -> 0 | C11: =SUMIFS('2027 Events'!$I$6:$I$63,'2027 Events'!$L$6:$L$63,8) -> 0
A12: September | B12: =COUNTIF('2027 Events'!$L$6:$L$63,9) -> 0 | C12: =SUMIFS('2027 Events'!$I$6:$I$63,'2027 Events'!$L$6:$L$63,9) -> 0
A13: October | B13: =COUNTIF('2027 Events'!$L$6:$L$63,10) -> 0 | C13: =SUMIFS('2027 Events'!$I$6:$I$63,'2027 Events'!$L$6:$L$63,10) -> 0
A14: November | B14: =COUNTIF('2027 Events'!$L$6:$L$63,11) -> 0 | C14: =SUMIFS('2027 Events'!$I$6:$I$63,'2027 Events'!$L$6:$L$63,11) -> 0
A15: December | B15: =COUNTIF('2027 Events'!$L$6:$L$63,12) -> 0 | C15: =SUMIFS('2027 Events'!$I$6:$I$63,'2027 Events'!$L$6:$L$63,12) -> 0
A16: Total | B16: =SUM(B4:B15) -> 3 | C16: =SUM(C4:C15) -> 0
