Workbook

Sheet How to Use
A1: Jackman Wheels - Instagram Ambassador Prospects
A2: Built 2026-09-16 | Austin Fitzgerald | v1
A4: The brief you set
A5: Nationwide. 5,000-25,000 followers. Overland and expedition builds. Found by browsing Instagram directly.
A6: Seeded from the two accounts you supplied: @campygilmore and @22protaco.
A8: What is in here
A9: Prospects - 36 accounts. Every follower count and bio was read off the live profile on 2026-09-16.
A10: Scoring Model - the weights behind the Fit Score. Change a number there and the whole sheet re-ranks.
A11: Shop and Dealer Leads - 7 shops that surfaced in the same search. They sell wheels, so they are dealer pipeline.
A13: How to read the Fit Score
A14: 0-100. Built from tier fit, authority ratio, SoCal reach, whether their feed actually shows wheels,
A15: whether they have done brand work before, minus a penalty if they already run a competing wheel brand.
... A22: Example of the format expected in those columns
A23: Outreach Status | B23: Date Contacted | C23: Response
A24: DM sent | B24: 2026-09-18 | C24: Replied - wants spec sheet
A26: Honest limits of this list
A27: Follower counts drift daily. This is a single-day snapshot - re-check before any paid negotiation.
A28: Engagement rate is NOT in here. Instagram does not expose likes-per-post publicly in a way I could read at scale,
A29: and at this tier engagement matters more than follower count. Spot-check your A-list by hand before committing budget.
A30: Location is blank where the bio did not state one. I did not guess it from post backgrounds.
A31: Sponsor lists come from bios and highlight names, so they are indicative, not contractual. Ask directly about exclusivity.
A32: This is a first pass grown from two seed accounts. The same method extends much further if you want a bigger pool.
A34: What I would do with it
A35: 1. Start with the A-list, and inside it start with the SoCal names. Off-Road Expo is Oct 3-4 at the OC Fair Center,
A36: and an ambassador who can stand at your booth is worth more right now than a bigger account three states away.
A37: 2. Your two seeds already follow each other and the same people. That cluster is a scene, not a list.
A38: Signing two or three of them visibly is worth more than signing eight strangers.
... A42: Put that in the ambassador agreement, not in the DM.

Sheet Prospects
A1: Priority | B1: Fit Score | C1: Handle | D1: Name | E1: Profile URL | F1: Followers | G1: Following | H1: Posts | I1: Ratio | J1: Location | K1: Vehicle / Platform | L1: Wheels | M1: Content Type | N1: Existing Sponsors | O1: SoCal / Expo | P1: Wheel-Forward | Q1: Proven Ambsdr | R1: Wheel Conflict | S1: Contact / Link | T1: Found Via | U1: Notes | V1: Outreach Status | W1: Date Contacted | X1: Response
A2: =IF(B2>=75,"A - contact first",IF(B2>=55,"B - second wave",IF(B2>=35,"C - watchlist","D - not now"))) -> A - contact first | B2: =ROUND('Scoring Model'!$B$4*IF(AND(F2>='Scoring Model'!$B$11,F2<='Scoring Model'!$B$12),1,IF(F2>'Scoring Model'!$B$12,'Scoring Model'!$B$13,'Scoring Model'!$B$14))+'Scoring Model'!$B$5*IF(I2>=20,1,IF(I2>=10,0.8,IF(I2>=5,0.6,IF(I2>=2,0.4,0.15))))+'Scoring Model'!$B$6*O2+'Scoring Model'!$B$7*P2+'Scoring Model'!$B$8*Q2-'Scoring Model'!$B$9*R2,1) -> 100 | C2: yotawolf89 | D2: Bryan Bell | E2: https://www.instagram.com/yotawolf89/ | F2: 13400 | G2: 297 | H2: 74 | I2: =IFERROR(F2/G2,0) -> 45.117845 | J2: San Diego, CA | K2: Toyota (shoots for others) | L2: Raceline | M2: Photographer | N2: Nitto Tire; Nitto Pit Crew; Diamondback Covers | O2: 1 | P2: 1 | Q2: 1 | R2: 0 | T2: campygilmore chain | U2: Photographer, not just an owner. 45:1 follower/following ratio. Could shoot catalog work AND post it.
A3: =IF(B3>=75,"A - contact first",IF(B3>=55,"B - second wave",IF(B3>=35,"C - watchlist","D - not now"))) -> A - contact first | B3: =ROUND('Scoring Model'!$B$4*IF(AND(F3>='Scoring Model'!$B$11,F3<='Scoring Model'!$B$12),1,IF(F3>'Scoring Model'!$B$12,'Scoring Model'!$B$13,'Scoring Model'!$B$14))+'Scoring Model'!$B$5*IF(I3>=20,1,IF(I3>=10,0.8,IF(I3>=5,0.6,IF(I3>=2,0.4,0.15))))+'Scoring Model'!$B$6*O3+'Scoring Model'!$B$7*P3+'Scoring Model'!$B$8*Q3-'Scoring Model'!$B$9*R3,1) -> 97 | C3: groovyrunner.gx | D3: W I L L | E3: https://www.instagram.com/groovyrunner.gx/ | F3: 20700 | G3: 1307 | H3: 508 | I3: =IFERROR(F3/G3,0) -> 15.837796 | J3: Orange County, CA | K3: 2017 4Runner TRD Pro + 2025 Lexus GX550 Overtrail | L3: Rays | M3: Builds / overland | N3: KC HiLites; Nitto Pit Crew; Rago Fab; C4 Fabrication | O3: 1 | P3: 1 | Q3: 1 | R3: 0 | S3: linktr.ee/Groovyrunner | T3: campygilmore chain | U3: Two rigs = two fitments off one relationship. Already on brand teams, knows how deliverables work. | W3: Yes
A4: =IF(B4>=75,"A - contact first",IF(B4>=55,"B - second wave",IF(B4>=35,"C - watchlist","D - not now"))) -> A - contact first | B4: =ROUND('Scoring Model'!$B$4*IF(AND(F4>='Scoring Model'!$B$11,F4<='Scoring Model'!$B$12),1,IF(F4>'Scoring Model'!$B$12,'Scoring Model'!$B$13,'Scoring Model'!$B$14))+'Scoring Model'!$B$5*IF(I4>=20,1,IF(I4>=10,0.8,IF(I4>=5,0.6,IF(I4>=2,0.4,0.15))))+'Scoring Model'!$B$6*O4+'Scoring Model'!$B$7*P4+'Scoring Model'!$B$8*Q4-'Scoring Model'!$B$9*R4,1) -> 85 | C4: 22protaco | D4: Kevin | E4: https://www.instagram.com/22protaco/ | F4: 12800 | G4: 389 | H4: 56 | I4: =IFERROR(F4/G4,0) -> 32.904884 | J4: SoCal | K4: Toyota Tacoma TRD Pro | L4: Lock Offroad | M4: Truck build / desert | O4: 1 | P4: 1 | Q4: 0 | R4: 0 | T4: Your seed | U4: Only 56 posts for 12.8K followers - unusually high signal per post. Already shoots wheel close-ups. | W4: Yes | X4: Does not have a specific deal with LOCK Wheels.
A5: =IF(B5>=75,"A - contact first",IF(B5>=55,"B - second wave",IF(B5>=35,"C - watchlist","D - not now"))) -> A - contact first | B5: =ROUND('Scoring Model'!$B$4*IF(AND(F5>='Scoring Model'!$B$11,F5<='Scoring Model'!$B$12),1,IF(F5>'Scoring Model'!$B$12,'Scoring Model'!$B$13,'Scoring Model'!$B$14))+'Scoring Model'!$B$5*IF(I5>=20,1,IF(I5>=10,0.8,IF(I5>=5,0.6,IF(I5>=2,0.4,0.15))))+'Scoring Model'!$B$6*O5+'Scoring Model'!$B$7*P5+'Scoring Model'!$B$8*Q5-'Scoring Model'!$B$9*R5,1) -> 85 | C5: keepitdirty_offroad | D5: Helio Muro | E5: https://www.instagram.com/keepitdirty_offroad/ | F5: 19900 | G5: 729 | H5: 3671 | I5: =IFERROR(F5/G5,0) -> 27.297668 | J5: SoCal | K5: 2014 Ford Raptor | L5: Method | M5: DIY / reviews / group runs | N5: KC HiLites | O5: 1 | P5: 1 | Q5: 0 | R5: 0 | S5: linktr.ee/heliomuro | T5: keepitdirty chain | U5: USAF vet, SoCal, organizes group runs. Built-in audience you could physically point at the Expo booth.
A6: =IF(B6>=75,"A - contact first",IF(B6>=55,"B - second wave",IF(B6>=35,"C - watchlist","D - not now"))) -> A - contact first | B6: =ROUND('Scoring Model'!$B$4*IF(AND(F6>='Scoring Model'!$B$11,F6<='Scoring Model'!$B$12),1,IF(F6>'Scoring Model'!$B$12,'Scoring Model'!$B$13,'Scoring Model'!$B$14))+'Scoring Model'!$B$5*IF(I6>=20,1,IF(I6>=10,0.8,IF(I6>=5,0.6,IF(I6>=2,0.4,0.15))))+'Scoring Model'!$B$6*O6+'Scoring Model'!$B$7*P6+'Scoring Model'!$B$8*Q6-'Scoring Model'!$B$9*R6,1) -> 85 | C6: trdle_pwr | D6: Vic | E6: https://www.instagram.com/trdle_pwr/ | F6: 11900 | G6: 421 | H6: 321 | I6: =IFERROR(F6/G6,0) -> 28.266033 | J6: Orange County, CA | K6: 2022 4Runner TRD Pro | L6: Method | M6: Builds / adventure | N6: Openroad 4WD | O6: 1 | P6: 1 | Q6: 0 | R6: 0 | S6: linktr.ee/trdle_pwr | T6: 22protaco chain | U6: OC-based, inside the #toyotasocal network. Strong ratio, consistent poster.
A7: =IF(B7>=75,"A - contact first",IF(B7>=55,"B - second wave",IF(B7>=35,"C - watchlist","D - not now"))) -> A - contact first | B7: =ROUND('Scoring Model'!$B$4*IF(AND(F7>='Scoring Model'!$B$11,F7<='Scoring Model'!$B$12),1,IF(F7>'Scoring Model'!$B$12,'Scoring Model'!$B$13,'Scoring Model'!$B$14))+'Scoring Model'!$B$5*IF(I7>=20,1,IF(I7>=10,0.8,IF(I7>=5,0.6,IF(I7>=2,0.4,0.15))))+'Scoring Model'!$B$6*O7+'Scoring Model'!$B$7*P7+'Scoring Model'!$B$8*Q7-'Scoring Model'!$B$9*R7,1) -> 85 | C7: ghostpro.la | D7: Randy Apigo | E7: https://www.instagram.com/ghostpro.la/ | F7: 34800 | G7: 832 | H7: 1791 | I7: =IFERROR(F7/G7,0) -> 41.826923 | J7: Los Angeles, CA | K7: 2026 Tacoma TRD Pro | L7: Lock Offroad | M7: Photographer | N7: Nitto Tire; KC HiLites | O7: 1 | P7: 1 | Q7: 1 | R7: 0 | S7: randyapigo@live.com | T7: soka chain | U7: PUBLIC EMAIL IN BIO - the only direct contact found anywhere on this list. LA pro photographer on a brand-new 2026 Tacoma. | W7: Yes
A8: =IF(B8>=75,"A - contact first",IF(B8>=55,"B - second wave",IF(B8>=35,"C - watchlist","D - not now"))) -> A - contact first | B8: =ROUND('Scoring Model'!$B$4*IF(AND(F8>='Scoring Model'!$B$11,F8<='Scoring Model'!$B$12),1,IF(F8>'Scoring Model'!$B$12,'Scoring Model'!$B$13,'Scoring Model'!$B$14))+'Scoring Model'!$B$5*IF(I8>=20,1,IF(I8>=10,0.8,IF(I8>=5,0.6,IF(I8>=2,0.4,0.15))))+'Scoring Model'!$B$6*O8+'Scoring Model'!$B$7*P8+'Scoring Model'!$B$8*Q8-'Scoring Model'!$B$9*R8,1) -> 80 | C8: t4r08 | D8: Anthony | E8: https://www.instagram.com/t4r08/ | F8: 23800 | G8: 1097 | H8: 228 | I8: =IFERROR(F8/G8,0) -> 21.695533 | J8: Unknown | K8: Toyota 4Runner | L8: Reika | M8: Truck build | N8: Street Outcast; Project X Offroad; Ascend Fabrications | O8: 0 | P8: 1 | Q8: 1 | R8: 0 | T8: campygilmore chain | U8: Already runs a discount code, so he is set up for an affiliate structure from day one.
A9: =IF(B9>=75,"A - contact first",IF(B9>=55,"B - second wave",IF(B9>=35,"C - watchlist","D - not now"))) -> A - contact first | B9: =ROUND('Scoring Model'!$B$4*IF(AND(F9>='Scoring Model'!$B$11,F9<='Scoring Model'!$B$12),1,IF(F9>'Scoring Model'!$B$12,'Scoring Model'!$B$13,'Scoring Model'!$B$14))+'Scoring Model'!$B$5*IF(I9>=20,1,IF(I9>=10,0.8,IF(I9>=5,0.6,IF(I9>=2,0.4,0.15))))+'Scoring Model'!$B$6*O9+'Scoring Model'!$B$7*P9+'Scoring Model'!$B$8*Q9-'Scoring Model'!$B$9*R9,1) -> 80 | C9: gt_raptor | D9: Pete | E9: https://www.instagram.com/gt_raptor/ | F9: 14900 | G9: 540 | H9: 744 | I9: =IFERROR(F9/G9,0) -> 27.592593 | J9: Unknown | K9: Raptor R; Bronco Raptor; Porsche GT3 RS; Alpina XB7 | L9: Innov8 | M9: Performance / luxury | N9: Nitto Pit Crew; Nitto Tire | O9: 0 | P9: 1 | Q9: 1 | R9: 0 | T9: zr2chris22 chain | U9: High-end garage. Audience skews premium - good for aspirational placement, off-brief if you want trail credibility.
A10: =IF(B10>=75,"A - contact first",IF(B10>=55,"B - second wave",IF(B10>=35,"C - watchlist","D - not now"))) -> A - contact first | B10: =ROUND('Scoring Model'!$B$4*IF(AND(F10>='Scoring Model'!$B$11,F10<='Scoring Model'!$B$12),1,IF(F10>'Scoring Model'!$B$12,'Scoring Model'!$B$13,'Scoring Model'!$B$14))+'Scoring Model'!$B$5*IF(I10>=20,1,IF(I10>=10,0.8,IF(I10>=5,0.6,IF(I10>=2,0.4,0.15))))+'Scoring Model'!$B$6*O10+'Scoring Model'!$B$7*P10+'Scoring Model'!$B$8*Q10-'Scoring Model'!$B$9*R10,1) -> 79 | C10: campygilmore | D10: Jose Fernandez | E10: https://www.instagram.com/campygilmore/ | F10: 13600 | G10: 1857 | H10: 431 | I10: =IFERROR(F10/G10,0) -> 7.3236403 | J10: Orange County, CA | K10: 2024 Toyota Tacoma | L10: Stealth | M10: Overland / camping / fishing | O10: 1 | P10: 1 | Q10: 0 | R10: 0 | S10: linktr.ee/campygilmore | T10: Your seed | U10: Your seed pick, and a genuinely good one. You already follow him. OC-based, clean expedition content. | W10: Yes
A11: =IF(B11>=75,"A - contact first",IF(B11>=55,"B - second wave",IF(B11>=35,"C - watchlist","D - not now"))) -> A - contact first | B11: =ROUND('Scoring Model'!$B$4*IF(AND(F11>='Scoring Model'!$B$11,F11<='Scoring Model'!$B$12),1,IF(F11>'Scoring Model'!$B$12,'Scoring Model'!$B$13,'Scoring Model'!$B$14))+'Scoring Model'!$B$5*IF(I11>=20,1,IF(I11>=10,0.8,IF(I11>=5,0.6,IF(I11>=2,0.4,0.15))))+'Scoring Model'!$B$6*O11+'Scoring Model'!$B$7*P11+'Scoring Model'!$B$8*Q11-'Scoring Model'!$B$9*R11,1) -> 79 | C11: familycruiser250 | D11: Ryan Medes | E11: https://www.instagram.com/familycruiser250/ | F11: 9628 | G11: 1604 | H11: 295 | I11: =IFERROR(F11/G11,0) -> 6.0024938 | J11: SoCal | K11: Toyota Land Cruiser LC250 | L11: Black Rhino | M11: Overland / family / photography | N11: Club Two Fifty community | O11: 1 | P11: 1 | Q11: 0 | R11: 0 | S11: linktr.ee/familycruiser250 | T11: 22protaco chain | U11: Bio says DM for content - he already sells content services, so pricing will be a real conversation. LC250 is a fresh platform. | W11: Yes | X11: Can't make ORE. Willing to work after the show.
A12: =IF(B12>=75,"A - contact first",IF(B12>=55,"B - second wave",IF(B12>=35,"C - watchlist","D - not now"))) -> A - contact first | B12: =ROUND('Scoring Model'!$B$4*IF(AND(F12>='Scoring Model'!$B$11,F12<='Scoring Model'!$B$12),1,IF(F12>'Scoring Model'!$B$12,'Scoring Model'!$B$13,'Scoring Model'!$B$14))+'Scoring Model'!$B$5*IF(I12>=20,1,IF(I12>=10,0.8,IF(I12>=5,0.6,IF(I12>=2,0.4,0.15))))+'Scoring Model'!$B$6*O12+'Scoring Model'!$B$7*P12+'Scoring Model'!$B$8*Q12-'Scoring Model'!$B$9*R12,1) -> 77 | C12: zr2chris22 | D12: ZR2Chris | E12: https://www.instagram.com/zr2chris22/ | F12: 22400 | G12: 1527 | H12: 439 | I12: =IFERROR(F12/G12,0) -> 14.669286 | J12: Unknown | K12: 2022 Chevy Silverado ZR2 | L12: KMC | M12: Off-road / builds | N12: Nitto Tire; KC HiLites | O12: 0 | P12: 1 | Q12: 1 | R12: 0 | T12: zr2 search | U12: Owns @foosgonewheeling - brings a group, not just an account. Best Chevy option inside the tier.
A13: =IF(B13>=75,"A - contact first",IF(B13>=55,"B - second wave",IF(B13>=35,"C - watchlist","D - not now"))) -> A - contact first | B13: =ROUND('Scoring Model'!$B$4*IF(AND(F13>='Scoring Model'!$B$11,F13<='Scoring Model'!$B$12),1,IF(F13>'Scoring Model'!$B$12,'Scoring Model'!$B$13,'Scoring Model'!$B$14))+'Scoring Model'!$B$5*IF(I13>=20,1,IF(I13>=10,0.8,IF(I13>=5,0.6,IF(I13>=2,0.4,0.15))))+'Scoring Model'!$B$6*O13+'Scoring Model'!$B$7*P13+'Scoring Model'!$B$8*Q13-'Scoring Model'!$B$9*R13,1) -> 77 | C13: lunar_sas.t4r | D13: (no name given) | E13: https://www.instagram.com/lunar_sas.t4r/ | F13: 12400 | G13: 741 | H13: 248 | I13: =IFERROR(F13/G13,0) -> 16.734143 | J13: Unknown | K13: 2021 4Runner TRD Pro, solid axle swap | L13: Beadlocks | M13: Builds / reels | N13: Nitto Pit Crew; Nitto Tire | O13: 0 | P13: 1 | Q13: 1 | R13: 0 | S13: linktr.ee/lunar_sas.t4r | T13: soka chain | U13: Solid-axle swap build - extreme fitment, big wheel and tire packages, very wheel-forward.
A14: =IF(B14>=75,"A - contact first",IF(B14>=55,"B - second wave",IF(B14>=35,"C - watchlist","D - not now"))) -> B - second wave | B14: =ROUND('Scoring Model'!$B$4*IF(AND(F14>='Scoring Model'!$B$11,F14<='Scoring Model'!$B$12),1,IF(F14>'Scoring Model'!$B$12,'Scoring Model'!$B$13,'Scoring Model'!$B$14))+'Scoring Model'!$B$5*IF(I14>=20,1,IF(I14>=10,0.8,IF(I14>=5,0.6,IF(I14>=2,0.4,0.15))))+'Scoring Model'!$B$6*O14+'Scoring Model'!$B$7*P14+'Scoring Model'!$B$8*Q14-'Scoring Model'!$B$9*R14,1) -> 74 | C14: brodi_wodie | D14: Kiet Vo | E14: https://www.instagram.com/brodi_wodie/ | F14: 12100 | G14: 1324 | H14: 283 | I14: =IFERROR(F14/G14,0) -> 9.1389728 | J14: Unknown | K14: Solid axle Toyota / fabrication | L14: KMC | M14: Fab / builds | N14: Nitto Pit Crew | O14: 0 | P14: 1 | Q14: 1 | R14: 0 | S14: thekietco.com | T14: lunar chain | U14: Owns @thekietco. One relationship could be both an ambassador and a dealer conversation.
A15: =IF(B15>=75,"A - contact first",IF(B15>=55,"B - second wave",IF(B15>=35,"C - watchlist","D - not now"))) -> B - second wave | B15: =ROUND('Scoring Model'!$B$4*IF(AND(F15>='Scoring Model'!$B$11,F15<='Scoring Model'!$B$12),1,IF(F15>'Scoring Model'!$B$12,'Scoring Model'!$B$13,'Scoring Model'!$B$14))+'Scoring Model'!$B$5*IF(I15>=20,1,IF(I15>=10,0.8,IF(I15>=5,0.6,IF(I15>=2,0.4,0.15))))+'Scoring Model'!$B$6*O15+'Scoring Model'!$B$7*P15+'Scoring Model'!$B$8*Q15-'Scoring Model'!$B$9*R15,1) -> 74 | C15: radmedia.co | D15: Matt + Sarah Girgis | E15: https://www.instagram.com/radmedia.co/ | F15: 11500 | G15: 1585 | H15: 874 | I15: =IFERROR(F15/G15,0) -> 7.2555205 | J15: Unknown | K15: Media production team | L15: DV8 | M15: Photo / video production | N15: DV8; Maxxis; KC HiLites; Midland; Baja Kits; Switch-Pros; Roam; Leitner; Decked | O15: 0 | P15: 1 | Q15: 1 | R15: 0 | S15: media-radco.com | T15: campygilmore chain | U15: 10+ years adventure media and nine brand partners. Treat as a content vendor as much as an ambassador.
A16: =IF(B16>=75,"A - contact first",IF(B16>=55,"B - second wave",IF(B16>=35,"C - watchlist","D - not now"))) -> B - second wave | B16: =ROUND('Scoring Model'!$B$4*IF(AND(F16>='Scoring Model'!$B$11,F16<='Scoring Model'!$B$12),1,IF(F16>'Scoring Model'!$B$12,'Scoring Model'!$B$13,'Scoring Model'!$B$14))+'Scoring Model'!$B$5*IF(I16>=20,1,IF(I16>=10,0.8,IF(I16>=5,0.6,IF(I16>=2,0.4,0.15))))+'Scoring Model'!$B$6*O16+'Scoring Model'!$B$7*P16+'Scoring Model'!$B$8*Q16-'Scoring Model'!$B$9*R16,1) -> 71 | C16: kbbqpwr | D16: Andrew K | E16: https://www.instagram.com/kbbqpwr/ | F16: 8272 | G16: 2946 | H16: 382 | I16: =IFERROR(F16/G16,0) -> 2.8078751 | J16: Unknown | K16: 2025 Ford F-150 Raptor 802A | L16: KMC | M16: Truck build / overland | N16: Nitto Pit Crew; Nitto Tire; Iceco; Morimoto | O16: 0 | P16: 1 | Q16: 1 | R16: 0 | T16: campygilmore chain | U16: Ford Raptor coverage. Follows 2,946 against 8,272 followers - the weakest authority signal in the tier.
A17: =IF(B17>=75,"A - contact first",IF(B17>=55,"B - second wave",IF(B17>=35,"C - watchlist","D - not now"))) -> B - second wave | B17: =ROUND('Scoring Model'!$B$4*IF(AND(F17>='Scoring Model'!$B$11,F17<='Scoring Model'!$B$12),1,IF(F17>'Scoring Model'!$B$12,'Scoring Model'!$B$13,'Scoring Model'!$B$14))+'Scoring Model'!$B$5*IF(I17>=20,1,IF(I17>=10,0.8,IF(I17>=5,0.6,IF(I17>=2,0.4,0.15))))+'Scoring Model'!$B$6*O17+'Scoring Model'!$B$7*P17+'Scoring Model'!$B$8*Q17-'Scoring Model'!$B$9*R17,1) -> 65 | C17: jmd4rnr | D17: JM | E17: https://www.instagram.com/jmd4rnr/ | F17: 18100 | G17: 688 | H17: 785 | I17: =IFERROR(F17/G17,0) -> 26.30814 | J17: Unknown | K17: Toyota 4Runner | M17: Overland / adventure | O17: 0 | P17: 1 | Q17: 0 | R17: 0 | T17: groovyrunner chain | U17: Overland Bound member (OB26063). Strong ratio, high post count, low sponsor load.
A18: =IF(B18>=75,"A - contact first",IF(B18>=55,"B - second wave",IF(B18>=35,"C - watchlist","D - not now"))) -> B - second wave | B18: =ROUND('Scoring Model'!$B$4*IF(AND(F18>='Scoring Model'!$B$11,F18<='Scoring Model'!$B$12),1,IF(F18>'Scoring Model'!$B$12,'Scoring Model'!$B$13,'Scoring Model'!$B$14))+'Scoring Model'!$B$5*IF(I18>=20,1,IF(I18>=10,0.8,IF(I18>=5,0.6,IF(I18>=2,0.4,0.15))))+'Scoring Model'!$B$6*O18+'Scoring Model'!$B$7*P18+'Scoring Model'!$B$8*Q18-'Scoring Model'!$B$9*R18,1) -> 65 | C18: trailmammoth | D18: (no name given) | E18: https://www.instagram.com/trailmammoth/ | F18: 11400 | G18: 228 | H18: 554 | I18: =IFERROR(F18/G18,0) -> 50 | J18: Unknown | K18: 2025 4Runner TRD Off-Road + 2026 Tacoma TRD Off-Road | L18: Lock Offroad | M18: Builds / YouTube | O18: 0 | P18: 1 | Q18: 0 | R18: 0 | S18: youtube.com/@mammoth4runner | T18: soka chain | U18: 50:1 follower/following - the best ratio in the tier. Two active builds on the newest platforms.
A19: =IF(B19>=75,"A - contact first",IF(B19>=55,"B - second wave",IF(B19>=35,"C - watchlist","D - not now"))) -> B - second wave | B19: =ROUND('Scoring Model'!$B$4*IF(AND(F19>='Scoring Model'!$B$11,F19<='Scoring Model'!$B$12),1,IF(F19>'Scoring Model'!$B$12,'Scoring Model'!$B$13,'Scoring Model'!$B$14))+'Scoring Model'!$B$5*IF(I19>=20,1,IF(I19>=10,0.8,IF(I19>=5,0.6,IF(I19>=2,0.4,0.15))))+'Scoring Model'!$B$6*O19+'Scoring Model'!$B$7*P19+'Scoring Model'!$B$8*Q19-'Scoring Model'!$B$9*R19,1) -> 65 | C19: littletruckbigworld | D19: LittleTruck | E19: https://www.instagram.com/littletruckbigworld/ | F19: 20200 | G19: 966 | H19: 565 | I19: =IFERROR(F19/G19,0) -> 20.910973 | J19: Denver, CO | K19: Toyota mini truck, 37s on 4.88 | M19: Builds / YouTube | O19: 0 | P19: 1 | Q19: 0 | R19: 0 | S19: youtube.com/@littletruckbigworld | T19: lunar chain | U19: Denver market with YouTube crossover. 37s means big wheel packages.
A20: =IF(B20>=75,"A - contact first",IF(B20>=55,"B - second wave",IF(B20>=35,"C - watchlist","D - not now"))) -> B - second wave | B20: =ROUND('Scoring Model'!$B$4*IF(AND(F20>='Scoring Model'!$B$11,F20<='Scoring Model'!$B$12),1,IF(F20>'Scoring Model'!$B$12,'Scoring Model'!$B$13,'Scoring Model'!$B$14))+'Scoring Model'!$B$5*IF(I20>=20,1,IF(I20>=10,0.8,IF(I20>=5,0.6,IF(I20>=2,0.4,0.15))))+'Scoring Model'!$B$6*O20+'Scoring Model'!$B$7*P20+'Scoring Model'!$B$8*Q20-'Scoring Model'!$B$9*R20,1) -> 65 | C20: 1tontoyrunner | D20: Bailey B. | E20: https://www.instagram.com/1tontoyrunner/ | F20: 25600 | G20: 283 | H20: 215 | I20: =IFERROR(F20/G20,0) -> 90.459364 | J20: Unknown | K20: 1997 4Runner, supercharged, 1-ton SAS | M20: Extreme builds | N20: Nitto Pit Crew; Nitto; WFO Concepts; R1 Concepts | O20: 0 | P20: 1 | Q20: 1 | R20: 0 | T20: lunar chain | U20: 90:1 ratio - the highest authority signal I found anywhere. Only 600 followers over your ceiling.
A21: =IF(B21>=75,"A - contact first",IF(B21>=55,"B - second wave",IF(B21>=35,"C - watchlist","D - not now"))) -> B - second wave | B21: =ROUND('Scoring Model'!$B$4*IF(AND(F21>='Scoring Model'!$B$11,F21<='Scoring Model'!$B$12),1,IF(F21>'Scoring Model'!$B$12,'Scoring Model'!$B$13,'Scoring Model'!$B$14))+'Scoring Model'!$B$5*IF(I21>=20,1,IF(I21>=10,0.8,IF(I21>=5,0.6,IF(I21>=2,0.4,0.15))))+'Scoring Model'!$B$6*O21+'Scoring Model'!$B$7*P21+'Scoring Model'!$B$8*Q21-'Scoring Model'!$B$9*R21,1) -> 65 | C21: punknking_jt | D21: Dave | E21: https://www.instagram.com/punknking_jt/ | F21: 29300 | G21: 1102 | H21: 1123 | I21: =IFERROR(F21/G21,0) -> 26.588022 | J21: Utah | K21: Jeep Gladiator JT | M21: Off-road / builds | N21: Nitto Tire; Baja Designs; Lift Threadz | O21: 0 | P21: 1 | Q21: 1 | R21: 0 | S21: liftthreadz.com | T21: 22protaco chain | U21: Utah - Sand Hollow and Moab terrain, which lines up with How We Got There.
A22: =IF(B22>=75,"A - contact first",IF(B22>=55,"B - second wave",IF(B22>=35,"C - watchlist","D - not now"))) -> B - second wave | B22: =ROUND('Scoring Model'!$B$4*IF(AND(F22>='Scoring Model'!$B$11,F22<='Scoring Model'!$B$12),1,IF(F22>'Scoring Model'!$B$12,'Scoring Model'!$B$13,'Scoring Model'!$B$14))+'Scoring Model'!$B$5*IF(I22>=20,1,IF(I22>=10,0.8,IF(I22>=5,0.6,IF(I22>=2,0.4,0.15))))+'Scoring Model'!$B$6*O22+'Scoring Model'!$B$7*P22+'Scoring Model'!$B$8*Q22-'Scoring Model'!$B$9*R22,1) -> 65 | C22: gen1raptors | D22: Nick Ceccacci | E22: https://www.instagram.com/gen1raptors/ | F22: 35800 | G22: 855 | H22: 1563 | I22: =IFERROR(F22/G22,0) -> 41.871345 | J22: Unknown | K22: 2013 Ford Raptor 6.2 | M22: Ford culture | N22: Baja Designs; Apollo Offroad | O22: 0 | P22: 1 | Q22: 1 | R22: 0 | S22: linktr.ee/gen1raptors | T22: keepitdirty chain | U22: The Gen 1 Raptor authority account. Runs his own store, so he thinks commercially.
A23: =IF(B23>=75,"A - contact first",IF(B23>=55,"B - second wave",IF(B23>=35,"C - watchlist","D - not now"))) -> B - second wave | B23: =ROUND('Scoring Model'!$B$4*IF(AND(F23>='Scoring Model'!$B$11,F23<='Scoring Model'!$B$12),1,IF(F23>'Scoring Model'!$B$12,'Scoring Model'!$B$13,'Scoring Model'!$B$14))+'Scoring Model'!$B$5*IF(I23>=20,1,IF(I23>=10,0.8,IF(I23>=5,0.6,IF(I23>=2,0.4,0.15))))+'Scoring Model'!$B$6*O23+'Scoring Model'!$B$7*P23+'Scoring Model'!$B$8*Q23-'Scoring Model'!$B$9*R23,1) -> 65 | C23: trail4r | D23: Brenan | E23: https://www.instagram.com/trail4r/ | F23: 43500 | G23: 1934 | H23: 973 | I23: =IFERROR(F23/G23,0) -> 22.492244 | J23: Unknown | K23: 4Runner resource / TrailCo brand | M23: Media brand | N23: Multiple | O23: 0 | P23: 1 | Q23: 1 | R23: 0 | S23: linktr.ee/trail4r | T23: lunar chain | U23: This is a media brand, not a person. Bio says Get Free Parts and Get Paid - he runs an affiliate network. Different deal shape entirely.
A24: =IF(B24>=75,"A - contact first",IF(B24>=55,"B - second wave",IF(B24>=35,"C - watchlist","D - not now"))) -> B - second wave | B24: =ROUND('Scoring Model'!$B$4*IF(AND(F24>='Scoring Model'!$B$11,F24<='Scoring Model'!$B$12),1,IF(F24>'Scoring Model'!$B$12,'Scoring Model'!$B$13,'Scoring Model'!$B$14))+'Scoring Model'!$B$5*IF(I24>=20,1,IF(I24>=10,0.8,IF(I24>=5,0.6,IF(I24>=2,0.4,0.15))))+'Scoring Model'!$B$6*O24+'Scoring Model'!$B$7*P24+'Scoring Model'!$B$8*Q24-'Scoring Model'!$B$9*R24,1) -> 62 | C24: soka._.boka | D24: oshu | E24: https://www.instagram.com/soka._.boka/ | F24: 9080 | G24: 871 | H24: 328 | I24: =IFERROR(F24/G24,0) -> 10.424799 | J24: Phoenix, AZ | K24: 2023 Ford Bronco Badlands | M24: Builds / overland | N24: KC HiLites | O24: 0 | P24: 1 | Q24: 0 | R24: 0 | T24: campygilmore chain | U24: Bronco coverage, AZ desert backdrop. Has a highlight called Fit 35s on 4G - his audience is fitment-obsessed.
A25: =IF(B25>=75,"A - contact first",IF(B25>=55,"B - second wave",IF(B25>=35,"C - watchlist","D - not now"))) -> B - second wave | B25: =ROUND('Scoring Model'!$B$4*IF(AND(F25>='Scoring Model'!$B$11,F25<='Scoring Model'!$B$12),1,IF(F25>'Scoring Model'!$B$12,'Scoring Model'!$B$13,'Scoring Model'!$B$14))+'Scoring Model'!$B$5*IF(I25>=20,1,IF(I25>=10,0.8,IF(I25>=5,0.6,IF(I25>=2,0.4,0.15))))+'Scoring Model'!$B$6*O25+'Scoring Model'!$B$7*P25+'Scoring Model'!$B$8*Q25-'Scoring Model'!$B$9*R25,1) -> 62 | C25: justdataco | D25: Justin | E25: https://www.instagram.com/justdataco/ | F25: 7403 | G25: 508 | H25: 499 | I25: =IFERROR(F25/G25,0) -> 14.572835 | J25: Unknown | K25: Toyota Tacoma | M25: Builds / trips | O25: 0 | P25: 1 | Q25: 0 | R25: 0 | T25: soka chain | U25: Clean ratio and almost no sponsor load. Likely uncontested and cheap to sign.
A26: =IF(B26>=75,"A - contact first",IF(B26>=55,"B - second wave",IF(B26>=35,"C - watchlist","D - not now"))) -> B - second wave | B26: =ROUND('Scoring Model'!$B$4*IF(AND(F26>='Scoring Model'!$B$11,F26<='Scoring Model'!$B$12),1,IF(F26>'Scoring Model'!$B$12,'Scoring Model'!$B$13,'Scoring Model'!$B$14))+'Scoring Model'!$B$5*IF(I26>=20,1,IF(I26>=10,0.8,IF(I26>=5,0.6,IF(I26>=2,0.4,0.15))))+'Scoring Model'!$B$6*O26+'Scoring Model'!$B$7*P26+'Scoring Model'!$B$8*Q26-'Scoring Model'!$B$9*R26,1) -> 59 | C26: 14smilespergallon | D26: Zack | E26: https://www.instagram.com/14smilespergallon/ | F26: 12800 | G26: 1388 | H26: 344 | I26: =IFERROR(F26/G26,0) -> 9.221902 | J26: Unknown | K26: 1972 F350; 1993 Bronco; 2019 F250 | M26: Classic / OBS Ford | O26: 0 | P26: 1 | Q26: 0 | R26: 0 | T26: keepitdirty chain | U26: Vintage Ford lane. Off the overland brief but wheel-forward, and nobody else on this list covers classic iron.
A27: =IF(B27>=75,"A - contact first",IF(B27>=55,"B - second wave",IF(B27>=35,"C - watchlist","D - not now"))) -> B - second wave | B27: =ROUND('Scoring Model'!$B$4*IF(AND(F27>='Scoring Model'!$B$11,F27<='Scoring Model'!$B$12),1,IF(F27>'Scoring Model'!$B$12,'Scoring Model'!$B$13,'Scoring Model'!$B$14))+'Scoring Model'!$B$5*IF(I27>=20,1,IF(I27>=10,0.8,IF(I27>=5,0.6,IF(I27>=2,0.4,0.15))))+'Scoring Model'!$B$6*O27+'Scoring Model'!$B$7*P27+'Scoring Model'!$B$8*Q27-'Scoring Model'!$B$9*R27,1) -> 56 | C27: zr2.papi | D27: ZR2 Papi | E27: https://www.instagram.com/zr2.papi/ | F27: 5474 | G27: 2457 | H27: 178 | I27: =IFERROR(F27/G27,0) -> 2.2279202 | J27: Dallas, TX | K27: Chevy Colorado ZR2 | M27: Off-road racing | N27: Dirt King; Rad Designs Offroad | O27: 0 | P27: 1 | Q27: 0 | R27: 0 | T27: zr2 search | U27: Texas market, racing angle. Just over the 5K floor and follows a lot of accounts.
A28: =IF(B28>=75,"A - contact first",IF(B28>=55,"B - second wave",IF(B28>=35,"C - watchlist","D - not now"))) -> C - watchlist | B28: =ROUND('Scoring Model'!$B$4*IF(AND(F28>='Scoring Model'!$B$11,F28<='Scoring Model'!$B$12),1,IF(F28>'Scoring Model'!$B$12,'Scoring Model'!$B$13,'Scoring Model'!$B$14))+'Scoring Model'!$B$5*IF(I28>=20,1,IF(I28>=10,0.8,IF(I28>=5,0.6,IF(I28>=2,0.4,0.15))))+'Scoring Model'!$B$6*O28+'Scoring Model'!$B$7*P28+'Scoring Model'!$B$8*Q28-'Scoring Model'!$B$9*R28,1) -> 50 | C28: trdpro_pugz | D28: Dimitri Justice | E28: https://www.instagram.com/trdpro_pugz/ | F28: 39900 | G28: 1012 | H28: 943 | I28: =IFERROR(F28/G28,0) -> 39.426877 | J28: Unknown | K28: 2017 Tacoma TRD Pro | M28: Builds | O28: 0 | P28: 1 | Q28: 0 | R28: 0 | S28: linktr.ee/trdpro_pugz | T28: campygilmore chain | U28: Already publishes a build list and discount codes. Structured for affiliate deals.
A29: =IF(B29>=75,"A - contact first",IF(B29>=55,"B - second wave",IF(B29>=35,"C - watchlist","D - not now"))) -> C - watchlist | B29: =ROUND('Scoring Model'!$B$4*IF(AND(F29>='Scoring Model'!$B$11,F29<='Scoring Model'!$B$12),1,IF(F29>'Scoring Model'!$B$12,'Scoring Model'!$B$13,'Scoring Model'!$B$14))+'Scoring Model'!$B$5*IF(I29>=20,1,IF(I29>=10,0.8,IF(I29>=5,0.6,IF(I29>=2,0.4,0.15))))+'Scoring Model'!$B$6*O29+'Scoring Model'!$B$7*P29+'Scoring Model'!$B$8*Q29-'Scoring Model'!$B$9*R29,1) -> 50 | C29: bajatundy | D29: (no name given) | E29: https://www.instagram.com/bajatundy/ | F29: 4558 | G29: 673 | H29: 64 | I29: =IFERROR(F29/G29,0) -> 6.7726597 | J29: Unknown | K29: Supercharged Toyota Tundra | M29: Performance | N29: SPD Performance; Magnuson; ADS Racing Shocks | O29: 0 | P29: 1 | Q29: 1 | R29: 0 | T29: soka chain | U29: 4,558 - just under. Tundra performance build, and Tundra is thin on this list. Worth watching.
A30: =IF(B30>=75,"A - contact first",IF(B30>=55,"B - second wave",IF(B30>=35,"C - watchlist","D - not now"))) -> C - watchlist | B30: =ROUND('Scoring Model'!$B$4*IF(AND(F30>='Scoring Model'!$B$11,F30<='Scoring Model'!$B$12),1,IF(F30>'Scoring Model'!$B$12,'Scoring Model'!$B$13,'Scoring Model'!$B$14))+'Scoring Model'!$B$5*IF(I30>=20,1,IF(I30>=10,0.8,IF(I30>=5,0.6,IF(I30>=2,0.4,0.15))))+'Scoring Model'!$B$6*O30+'Scoring Model'!$B$7*P30+'Scoring Model'!$B$8*Q30-'Scoring Model'!$B$9*R30,1) -> 45 | C30: tacodust | D30: Jason Denney | E30: https://www.instagram.com/tacodust/ | F30: 63100 | G30: 1986 | H30: 1572 | I30: =IFERROR(F30/G30,0) -> 31.772407 | J30: Unknown | K30: Toyota Tacoma | M30: Comedy / entertainment | N30: Nitto Tire; KC HiLites + 20 more | O30: 0 | P30: 0 | Q30: 1 | R30: 0 | S30: youtube.com/@tacodust | T30: keepitdirty chain | U30: ALREADY FOLLOWS YOU - Instagram showed Follow Back on his profile. Biggest account found. Comedy-led, so product messaging rides in the back seat.
A31: =IF(B31>=75,"A - contact first",IF(B31>=55,"B - second wave",IF(B31>=35,"C - watchlist","D - not now"))) -> C - watchlist | B31: =ROUND('Scoring Model'!$B$4*IF(AND(F31>='Scoring Model'!$B$11,F31<='Scoring Model'!$B$12),1,IF(F31>'Scoring Model'!$B$12,'Scoring Model'!$B$13,'Scoring Model'!$B$14))+'Scoring Model'!$B$5*IF(I31>=20,1,IF(I31>=10,0.8,IF(I31>=5,0.6,IF(I31>=2,0.4,0.15))))+'Scoring Model'!$B$6*O31+'Scoring Model'!$B$7*P31+'Scoring Model'!$B$8*Q31-'Scoring Model'!$B$9*R31,1) -> 42 | C31: bad_at4x | D31: BAD_AT4X | E31: https://www.instagram.com/bad_at4x/ | F31: 6287 | G31: 528 | H31: 178 | I31: =IFERROR(F31/G31,0) -> 11.907197 | J31: Unknown | K31: 2023 GMC Canyon AT4X | M31: Off-road / builds | N31: The Wheel Shop; Fuel Off-Road; BFGoodrich | O31: 0 | P31: 1 | Q31: 0 | R31: 1 | T31: zr2chris22 chain | U31: CONFLICT: currently running Fuel Off-Road R17s. Only GMC AT4X in tier, so a swap conversation may still be worth having.
A32: =IF(B32>=75,"A - contact first",IF(B32>=55,"B - second wave",IF(B32>=35,"C - watchlist","D - not now"))) -> C - watchlist | B32: =ROUND('Scoring Model'!$B$4*IF(AND(F32>='Scoring Model'!$B$11,F32<='Scoring Model'!$B$12),1,IF(F32>'Scoring Model'!$B$12,'Scoring Model'!$B$13,'Scoring Model'!$B$14))+'Scoring Model'!$B$5*IF(I32>=20,1,IF(I32>=10,0.8,IF(I32>=5,0.6,IF(I32>=2,0.4,0.15))))+'Scoring Model'!$B$6*O32+'Scoring Model'!$B$7*P32+'Scoring Model'!$B$8*Q32-'Scoring Model'!$B$9*R32,1) -> 41 | C32: powerwagoneer | D32: The Big Pig & Wags | E32: https://www.instagram.com/powerwagoneer/ | F32: 4355 | G32: 187 | H32: 1073 | I32: =IFERROR(F32/G32,0) -> 23.28877 | J32: Unknown | K32: 2021 Ram Power Wagon; 1985 Grand Wagoneer | M32: Photographer / overland | O32: 0 | P32: 1 | Q32: 0 | R32: 0 | S32: linktr.ee/Rogueelement | T32: powerwagon search | U32: 4,355 - under your floor, but a 23:1 ratio and Death Valley overland content. Best Ram option found. I would waive the floor for this one.
A33: =IF(B33>=75,"A - contact first",IF(B33>=55,"B - second wave",IF(B33>=35,"C - watchlist","D - not now"))) -> C - watchlist | B33: =ROUND('Scoring Model'!$B$4*IF(AND(F33>='Scoring Model'!$B$11,F33<='Scoring Model'!$B$12),1,IF(F33>'Scoring Model'!$B$12,'Scoring Model'!$B$13,'Scoring Model'!$B$14))+'Scoring Model'!$B$5*IF(I33>=20,1,IF(I33>=10,0.8,IF(I33>=5,0.6,IF(I33>=2,0.4,0.15))))+'Scoring Model'!$B$6*O33+'Scoring Model'!$B$7*P33+'Scoring Model'!$B$8*Q33-'Scoring Model'!$B$9*R33,1) -> 39 | C33: powerwagonbuilder | D33: Alex J | E33: https://www.instagram.com/powerwagonbuilder/ | F33: 7841 | G33: 1028 | H33: 2838 | I33: =IFERROR(F33/G33,0) -> 7.6274319 | J33: Unknown | K33: Vintage Dodge Power Wagon | M33: Fabrication / vintage | N33: GFC USA | O33: 0 | P33: 0 | Q33: 0 | R33: 0 | T33: powerwagon search | U33: Fabrication and vintage iron, not modern fitment. Include only if you want heritage credibility.
A34: =IF(B34>=75,"A - contact first",IF(B34>=55,"B - second wave",IF(B34>=35,"C - watchlist","D - not now"))) -> C - watchlist | B34: =ROUND('Scoring Model'!$B$4*IF(AND(F34>='Scoring Model'!$B$11,F34<='Scoring Model'!$B$12),1,IF(F34>'Scoring Model'!$B$12,'Scoring Model'!$B$13,'Scoring Model'!$B$14))+'Scoring Model'!$B$5*IF(I34>=20,1,IF(I34>=10,0.8,IF(I34>=5,0.6,IF(I34>=2,0.4,0.15))))+'Scoring Model'!$B$6*O34+'Scoring Model'!$B$7*P34+'Scoring Model'!$B$8*Q34-'Scoring Model'!$B$9*R34,1) -> 35 | C34: stealthzr2 | D34: Chris & Julie | E34: https://www.instagram.com/stealthzr2/ | F34: 2473 | G34: 375 | H34: 222 | I34: =IFERROR(F34/G34,0) -> 6.5946667 | J34: Arizona | K34: 2023 Chevy Colorado ZR2 | M34: Overland / adventure | O34: 0 | P34: 1 | Q34: 0 | R34: 0 | T34: zr2chris22 chain | U34: 2,473. Couple-led AZ overlanding, well made. Too small today, plausible in six months.
A35: =IF(B35>=75,"A - contact first",IF(B35>=55,"B - second wave",IF(B35>=35,"C - watchlist","D - not now"))) -> D - not now | B35: =ROUND('Scoring Model'!$B$4*IF(AND(F35>='Scoring Model'!$B$11,F35<='Scoring Model'!$B$12),1,IF(F35>'Scoring Model'!$B$12,'Scoring Model'!$B$13,'Scoring Model'!$B$14))+'Scoring Model'!$B$5*IF(I35>=20,1,IF(I35>=10,0.8,IF(I35>=5,0.6,IF(I35>=2,0.4,0.15))))+'Scoring Model'!$B$6*O35+'Scoring Model'!$B$7*P35+'Scoring Model'!$B$8*Q35-'Scoring Model'!$B$9*R35,1) -> 28.3 | C35: fides_garage | D35: Fide | E35: https://www.instagram.com/fides_garage/ | F35: 408 | G35: 2394 | H35: 80 | I35: =IFERROR(F35/G35,0) -> 0.17042607 | J35: Hollywood, CA | K35: 2011 Ford F-150 | M35: DIY build | O35: 1 | P35: 0 | Q35: 0 | R35: 0 | S35: fidesgarage.com | T35: overland f150 search | U35: 408 followers - far too early. Noted only because he has a COLLABS highlight and is openly looking for partners.
A36: =IF(B36>=75,"A - contact first",IF(B36>=55,"B - second wave",IF(B36>=35,"C - watchlist","D - not now"))) -> D - not now | B36: =ROUND('Scoring Model'!$B$4*IF(AND(F36>='Scoring Model'!$B$11,F36<='Scoring Model'!$B$12),1,IF(F36>'Scoring Model'!$B$12,'Scoring Model'!$B$13,'Scoring Model'!$B$14))+'Scoring Model'!$B$5*IF(I36>=20,1,IF(I36>=10,0.8,IF(I36>=5,0.6,IF(I36>=2,0.4,0.15))))+'Scoring Model'!$B$6*O36+'Scoring Model'!$B$7*P36+'Scoring Model'!$B$8*Q36-'Scoring Model'!$B$9*R36,1) -> 12 | C36: mtn_gx | D36: Akong | E36: https://www.instagram.com/mtn_gx/ | F36: 4717 | G36: 1262 | H36: 307 | I36: =IFERROR(F36/G36,0) -> 3.7377179 | J36: Unknown | K36: Lexus GX | M36: Outdoor lifestyle | N36: Chill Guys Offroad | O36: 0 | P36: 0 | Q36: 0 | R36: 0 | T36: lunar chain | U36: 4,717 - just under the floor. GX platform, lifestyle-led rather than build-led.
A37: =IF(B37>=75,"A - contact first",IF(B37>=55,"B - second wave",IF(B37>=35,"C - watchlist","D - not now"))) -> D - not now | B37: =ROUND('Scoring Model'!$B$4*IF(AND(F37>='Scoring Model'!$B$11,F37<='Scoring Model'!$B$12),1,IF(F37>'Scoring Model'!$B$12,'Scoring Model'!$B$13,'Scoring Model'!$B$14))+'Scoring Model'!$B$5*IF(I37>=20,1,IF(I37>=10,0.8,IF(I37>=5,0.6,IF(I37>=2,0.4,0.15))))+'Scoring Model'!$B$6*O37+'Scoring Model'!$B$7*P37+'Scoring Model'!$B$8*Q37-'Scoring Model'!$B$9*R37,1) -> 8.3 | C37: zr2_arcangel | D37: Michael Arcangel | E37: https://www.instagram.com/zr2_arcangel/ | F37: 407 | G37: 293 | H37: 43 | I37: =IFERROR(F37/G37,0) -> 1.3890785 | J37: Unknown | K37: 2024 Chevy Colorado Bison | M37: Overland | O37: 0 | P37: 0 | Q37: 0 | R37: 0 | T37: zr2 search | U37: 407 followers. Too early.
A39: Yellow columns (Outreach Status, Date Contacted, Response) are yours to fill in. Everything else is either observed data or a formula.
A40: SoCal / Expo, Wheel-Forward, Proven Ambsdr and Wheel Conflict are 1/0 flags set by hand from reviewing each feed on 2026-09-16. Change a flag and the score follows.
A41: Source: each account's public Instagram profile, read 2026-09-16. Follower counts are as Instagram displayed them that day.

Sheet Scoring Model
A1: Fit Score - weights and thresholds
A2: Edit any blue cell below and every Fit Score and Priority on the Prospects tab recalculates.
A4: Weight - follower tier fit | B4: 30 | C4: Full weight when followers land inside your 5,000-25,000 target band.
A5: Weight - authority (follower/following ratio) | B5: 15 | C5: A high ratio means people sought them out; a low one means they followed their way up.
A6: Weight - SoCal / Off-Road Expo reach | B6: 20 | C6: Can physically reach Costa Mesa Oct 3-4, a Santa Fe Springs fitment, or a local shoot.
A7: Weight - wheel-forward content | B7: 20 | C7: Their existing posts actually show wheels. Set by hand from reviewing each feed.
A8: Weight - proven brand ambassador | B8: 15 | C8: Already on a brand team (Nitto Pit Crew, KC HiLites etc). Knows deliverables and deadlines.
A9: Penalty - competing wheel sponsor | B9: 20 | C9: Subtracted when they already run a rival WHEEL brand. Tires and lighting do not conflict.
A10: Thresholds
A11: Tier floor (followers) | B11: 5000 | C11: Your stated minimum.
A12: Tier ceiling (followers) | B12: 25000 | C12: Top of the micro band you chose.
A13: Multiplier if above ceiling | B13: 0.5 | C13: Bigger accounts still score, at half tier credit.
A14: Multiplier if below floor | B14: 0.2 | C14: Near-misses stay visible without crowding the top.
A16: Maximum possible score | B16: =B4+B5+B6+B7+B8 -> 100
A18: Source: every follower count, bio and location was read directly off each public Instagram profile on 2026-09-16.
A19: Counts are what Instagram displayed that day and they drift constantly. Re-check before any paid negotiation.

Sheet Shop and Dealer Leads
A1: Not ambassadors - these surfaced in the same search and belong in the dealer pipeline
A2: You have 25 dealers in progress. These sell or install wheels, so they are dealer leads, not ambassador leads.
A4: Handle | B4: Name | C4: Followers | D4: Location | E4: What they are | F4: Address | G4: Website | H4: Why it matters
A5: runnin4tacos | B5: Runnin 4 Tacos | C5: 126K | D5: Denver, CO | E5: Toyota aftermarket parts store + install shop | F5: 665 E 70th Ave, Unit 4, Denver, CO 80229 | G5: runnin4tacos.com | H5: Real retail footprint and an install bay. Strongest dealer lead here.
A6: thewheelshopinc | B6: The Wheel Shop Inc | C6: - | D6: Unknown | E6: Wheel retailer | H6: Already doing the wheel install work for @bad_at4x. Sells wheels - direct dealer lead.
A7: koritastires | B7: Koritas Off-Road | C7: - | D7: Unknown | E7: Lift kits, wheels and tires | H7: Sells wheels. Direct dealer lead.
A8: ltwmotorsports | B8: LTW Motorsports | C8: - | D8: Unknown | E8: Lift kits, tires, wheels | H8: Sells wheels. Direct dealer lead.
A9: thekietco | B9: The Kiet Co | C9: - | D9: Unknown | E9: Fabrication shop | G9: thekietco.com | H9: Owned by @brodi_wodie (12.1K). One conversation covers both ambassador and shop.
A10: foosgonewheeling | B10: Foos Gone Wheeling | C10: - | D10: Unknown | E10: Wheeling group / club | H10: Owned by @zr2chris22 (22.4K). Event and group-run partner rather than a dealer.
A11: mesocustoms | B11: MESO Customs LLC | C11: - | D11: Unknown | E11: Toyota accessories brand | H11: Accessory brand. Co-marketing rather than dealer.
A13: Source: public Instagram profiles, read 2026-09-16.
